{
 "nodes": {
  "NODE_0000047": {
   "health_zone": "Mabalako",
   "health_zone_confidence": {
    "Mabalako": 0.9447026620736473,
    "Mandima": 0.0389267444850536,
    "Beni": 0.006001373187682234,
    "Oicha": 0.003607781330437143
   },
   "health_zone_entropy": 0.2695487531948886
  },
  "NODE_0000000": {
   "health_zone": "Mabalako",
   "health_zone_confidence": {
    "Mabalako": 0.9866203275421761,
    "Mandima": 0.007170122742585499,
    "Beni": 0.0033339379511105566,
    "Unknown": 0.0010287369465605068
   },
   "health_zone_entropy": 0.08768257224708449
  },
  "NODE_0000048": {
   "health_zone": "Mabalako",
   "health_zone_confidence": {
    "Mabalako": 0.9955924850936253,
    "Mandima": 0.0020476995826838296
   },
   "health_zone_entropy": 0.034490610203948224
  },
  "MAN035": {
   "health_zone": "Mabalako",
   "health_zone_confidence": {
    "Mabalako": 1.0
   },
   "health_zone_entropy": -1.000088900581841e-12
  },
  "18FHV089": {
   "health_zone": "Mabalako",
   "health_zone_confidence": {
    "Mabalako": 1.0
   },
   "health_zone_entropy": -1.000088900581841e-12
  },
  "NODE_0000002": {
   "health_zone": "Mabalako",
   "health_zone_confidence": {
    "Mabalako": 0.9772741649521656,
    "Beni": 0.01467322695670547,
    "Mandima": 0.004424197894249856,
    "Unknown": 0.0012988645939459493
   },
   "health_zone_entropy": 0.13275913686655938
  },
  "BEN148": {
   "health_zone": "Mabalako",
   "health_zone_confidence": {
    "Mabalako": 1.0
   },
   "health_zone_entropy": -1.000088900581841e-12
  },
  "NODE_0000049": {
   "health_zone": "Mabalako",
   "health_zone_confidence": {
    "Mabalako": 0.8338594251231849,
    "Beni": 0.14321749424516142,
    "Mandima": 0.010226206884529783,
    "Unknown": 0.004487203393751029
   },
   "health_zone_entropy": 0.5460736104534448
  },
  "BEN234": {
   "health_zone": "Mabalako",
   "health_zone_confidence": {
    "Mabalako": 1.0
   },
   "health_zone_entropy": -1.000088900581841e-12
  },
  "NODE_0000004": {
   "health_zone": "Beni",
   "health_zone_confidence": {
    "Beni": 0.999999990607183
   },
   "health_zone_entropy": 1.8522026136492613e-07
  },
  "BEN268": {
   "health_zone": "Beni",
   "health_zone_confidence": {
    "Beni": 1.0
   },
   "health_zone_entropy": -1.000088900581841e-12
  },
  "BEN274": {
   "health_zone": "Beni",
   "health_zone_confidence": {
    "Beni": 1.0
   },
   "health_zone_entropy": -1.000088900581841e-12
  },
  "BEN255": {
   "health_zone": "Beni",
   "health_zone_confidence": {
    "Beni": 1.0
   },
   "health_zone_entropy": -1.000088900581841e-12
  },
  "BEN292": {
   "health_zone": "Butembo",
   "health_zone_confidence": {
    "Butembo": 1.0
   },
   "health_zone_entropy": -1.000088900581841e-12
  },
  "BEN236": {
   "health_zone": "Beni",
   "health_zone_confidence": {
    "Beni": 1.0
   },
   "health_zone_entropy": -1.000088900581841e-12
  },
  "BEN214": {
   "health_zone": "Unknown",
   "health_zone_confidence": {
    "Unknown": 1.0
   },
   "health_zone_entropy": -1.000088900581841e-12
  },
  "BEN267": {
   "health_zone": "Beni",
   "health_zone_confidence": {
    "Beni": 1.0
   },
   "health_zone_entropy": -1.000088900581841e-12
  },
  "BEN286": {
   "health_zone": "Beni",
   "health_zone_confidence": {
    "Beni": 1.0
   },
   "health_zone_entropy": -1.000088900581841e-12
  },
  "BEN294": {
   "health_zone": "Butembo",
   "health_zone_confidence": {
    "Butembo": 1.0
   },
   "health_zone_entropy": -1.000088900581841e-12
  },
  "BEN263": {
   "health_zone": "Beni",
   "health_zone_confidence": {
    "Beni": 1.0
   },
   "health_zone_entropy": -1.000088900581841e-12
  },
  "NODE_0000011": {
   "health_zone": "Beni",
   "health_zone_confidence": {
    "Beni": 0.9995732816676669
   },
   "health_zone_entropy": 0.004412864998814663
  },
  "BEN240": {
   "health_zone": "Beni",
   "health_zone_confidence": {
    "Beni": 1.0
   },
   "health_zone_entropy": -1.000088900581841e-12
  },
  "BEN269": {
   "health_zone": "Beni",
   "health_zone_confidence": {
    "Beni": 1.0
   },
   "health_zone_entropy": -1.000088900581841e-12
  },
  "NODE_0000015": {
   "health_zone": "Mabalako",
   "health_zone_confidence": {
    "Mabalako": 0.8983473758307564,
    "Mandima": 0.10164398994697092
   },
   "health_zone_entropy": 0.32879321507894216
  },
  "MAN065": {
   "health_zone": "Mandima",
   "health_zone_confidence": {
    "Mandima": 1.0
   },
   "health_zone_entropy": -1.000088900581841e-12
  },
  "MAN025": {
   "health_zone": "Mandima",
   "health_zone_confidence": {
    "Mandima": 1.0
   },
   "health_zone_entropy": -1.000088900581841e-12
  },
  "MAN028": {
   "health_zone": "Unknown",
   "health_zone_confidence": {
    "Unknown": 1.0
   },
   "health_zone_entropy": -1.000088900581841e-12
  },
  "MAN046": {
   "health_zone": "Mabalako",
   "health_zone_confidence": {
    "Mabalako": 1.0
   },
   "health_zone_entropy": -1.000088900581841e-12
  },
  "BEN070": {
   "health_zone": "Beni",
   "health_zone_confidence": {
    "Beni": 1.0
   },
   "health_zone_entropy": -1.000088900581841e-12
  },
  "MAN048": {
   "health_zone": "Mandima",
   "health_zone_confidence": {
    "Mandima": 1.0
   },
   "health_zone_entropy": -1.000088900581841e-12
  },
  "MAN040": {
   "health_zone": "Mabalako",
   "health_zone_confidence": {
    "Mabalako": 1.0
   },
   "health_zone_entropy": -1.000088900581841e-12
  },
  "NODE_0000018": {
   "health_zone": "Mabalako",
   "health_zone_confidence": {
    "Mabalako": 0.8016657711309524,
    "Oicha": 0.14122733033217513,
    "Mandima": 0.04179894094093932,
    "Beni": 0.006386896511733882
   },
   "health_zone_entropy": 0.666896998177152
  },
  "BEN230": {
   "health_zone": "Oicha",
   "health_zone_confidence": {
    "Oicha": 1.0
   },
   "health_zone_entropy": -1.000088900581841e-12
  },
  "BEN018": {
   "health_zone": "Mabalako",
   "health_zone_confidence": {
    "Mabalako": 1.0
   },
   "health_zone_entropy": -1.000088900581841e-12
  },
  "NODE_0000019": {
   "health_zone": "Mabalako",
   "health_zone_confidence": {
    "Mabalako": 0.7300812360592316,
    "Mandima": 0.2585647739940816,
    "Beni": 0.003847602344350855,
    "Unknown": 0.0026374677321336563
   },
   "health_zone_entropy": 0.6457598642395781
  },
  "MAN002": {
   "health_zone": "Mandima",
   "health_zone_confidence": {
    "Mandima": 1.0
   },
   "health_zone_entropy": -1.000088900581841e-12
  },
  "BEN163": {
   "health_zone": "Mabalako",
   "health_zone_confidence": {
    "Mabalako": 1.0
   },
   "health_zone_entropy": -1.000088900581841e-12
  },
  "NODE_0000046": {
   "health_zone": "Mabalako",
   "health_zone_confidence": {
    "Mabalako": 0.9862506663402019,
    "Mandima": 0.011365120992062185
   },
   "health_zone_entropy": 0.08217035439556795
  },
  "MAN039": {
   "health_zone": "Mabalako",
   "health_zone_confidence": {
    "Mabalako": 1.0
   },
   "health_zone_entropy": -1.000088900581841e-12
  },
  "BEN031": {
   "health_zone": "Mabalako",
   "health_zone_confidence": {
    "Mabalako": 1.0
   },
   "health_zone_entropy": -1.000088900581841e-12
  },
  "NODE_0000050": {
   "health_zone": "Mabalako",
   "health_zone_confidence": {
    "Mabalako": 0.9499021284125286,
    "Mandima": 0.027360338624772697,
    "Beni": 0.018265169399123014,
    "Unknown": 0.0015920383834424707
   },
   "health_zone_entropy": 0.24949276171525392
  },
  "NODE_0000035": {
   "health_zone": "Mabalako",
   "health_zone_confidence": {
    "Mabalako": 0.991244559150602,
    "Mandima": 0.004532607934355914,
    "Beni": 0.002360335894309636
   },
   "health_zone_entropy": 0.06119836049775208
  },
  "BEN020": {
   "health_zone": "Mabalako",
   "health_zone_confidence": {
    "Mabalako": 1.0
   },
   "health_zone_entropy": -1.000088900581841e-12
  },
  "NODE_0000051": {
   "health_zone": "Mabalako",
   "health_zone_confidence": {
    "Mabalako": 0.9956383720531402,
    "Mandima": 0.0019821422111268713
   },
   "health_zone_entropy": 0.034237094990962155
  },
  "BEN167": {
   "health_zone": "Mabalako",